<?xml version="1.0" encoding="UTF-8" ?>
<!DOCTYPE mapper PUBLIC "-//mybatis.org//DTD Mapper 3.0//EN" "http://mybatis.org/dtd/mybatis-3-mapper.dtd" >
<mapper namespace="cn.pushshow.mapper.UserMapper" >
  <resultMap id="BaseResultMap" type="cn.pushshow.po.User" >
    <id column="id" property="id" jdbcType="INTEGER" />
    <result column="account" property="account" jdbcType="VARCHAR" />
    <result column="password" property="password" jdbcType="VARCHAR" />
    <result column="birthday" property="birthday" jdbcType="DATE" />
    <result column="phone" property="phone" jdbcType="INTEGER" />
    <result column="qq" property="qq" jdbcType="INTEGER" />
    <result column="weixin" property="weixin" jdbcType="VARCHAR" />
    <result column="email" property="email" jdbcType="VARCHAR" />
    <result column="usertype" property="usertype" jdbcType="INTEGER" />
  </resultMap>
  <sql id="Example_Where_Clause" >
    <where >
      <foreach collection="oredCriteria" item="criteria" separator="or" >
        <if test="criteria.valid" >
          <trim prefix="(" suffix=")" prefixOverrides="and" >
            <foreach collection="criteria.criteria" item="criterion" >
              <choose >
                <when test="criterion.noValue" >
                  and ${criterion.condition}
                </when>
                <when test="criterion.singleValue" >
                  and ${criterion.condition} #{criterion.value}
                </when>
                <when test="criterion.betweenValue" >
                  and ${criterion.condition} #{criterion.value} and #{criterion.secondValue}
                </when>
                <when test="criterion.listValue" >
                  and ${criterion.condition}
                  <foreach collection="criterion.value" item="listItem" open="(" close=")" separator="," >
                    #{listItem}
                  </foreach>
                </when>
              </choose>
            </foreach>
          </trim>
        </if>
      </foreach>
    </where>
  </sql>
  <sql id="Update_By_Example_Where_Clause" >
    <where >
      <foreach collection="example.oredCriteria" item="criteria" separator="or" >
        <if test="criteria.valid" >
          <trim prefix="(" suffix=")" prefixOverrides="and" >
            <foreach collection="criteria.criteria" item="criterion" >
              <choose >
                <when test="criterion.noValue" >
                  and ${criterion.condition}
                </when>
                <when test="criterion.singleValue" >
                  and ${criterion.condition} #{criterion.value}
                </when>
                <when test="criterion.betweenValue" >
                  and ${criterion.condition} #{criterion.value} and #{criterion.secondValue}
                </when>
                <when test="criterion.listValue" >
                  and ${criterion.condition}
                  <foreach collection="criterion.value" item="listItem" open="(" close=")" separator="," >
                    #{listItem}
                  </foreach>
                </when>
              </choose>
            </foreach>
          </trim>
        </if>
      </foreach>
    </where>
  </sql>
  <sql id="Base_Column_List" >
    id, account, password, birthday, phone, qq, weixin, email, usertype
  </sql>
  <select id="selectByExample" resultMap="BaseResultMap" parameterType="cn.pushshow.po.UserExample" >
    select
    <if test="distinct" >
      distinct
    </if>
    <include refid="Base_Column_List" />
    from user
    <if test="_parameter != null" >
      <include refid="Example_Where_Clause" />
    </if>
    <if test="orderByClause != null" >
      order by ${orderByClause}
    </if>
  </select>
  <select id="selectByPrimaryKey" resultMap="BaseResultMap" parameterType="java.lang.Integer" >
    select 
    <include refid="Base_Column_List" />
    from user
    where id = #{id,jdbcType=INTEGER}
  </select>
  <delete id="deleteByPrimaryKey" parameterType="java.lang.Integer" >
    delete from user
    where id = #{id,jdbcType=INTEGER}
  </delete>
  <delete id="deleteByExample" parameterType="cn.pushshow.po.UserExample" >
    delete from user
    <if test="_parameter != null" >
      <include refid="Example_Where_Clause" />
    </if>
  </delete>
  <insert id="insert" parameterType="cn.pushshow.po.User" >
    insert into user (id, account, password, 
      birthday, phone, qq, weixin, 
      email, usertype)
    values (#{id,jdbcType=INTEGER}, #{account,jdbcType=VARCHAR}, #{password,jdbcType=VARCHAR}, 
      #{birthday,jdbcType=DATE}, #{phone,jdbcType=INTEGER}, #{qq,jdbcType=INTEGER}, #{weixin,jdbcType=VARCHAR}, 
      #{email,jdbcType=VARCHAR}, #{usertype,jdbcType=INTEGER})
  </insert>
  <insert id="insertSelective" parameterType="cn.pushshow.po.User" >
    insert into user
    <trim prefix="(" suffix=")" suffixOverrides="," >
      <if test="id != null" >
        id,
      </if>
      <if test="account != null" >
        account,
      </if>
      <if test="password != null" >
        password,
      </if>
      <if test="birthday != null" >
        birthday,
      </if>
      <if test="phone != null" >
        phone,
      </if>
      <if test="qq != null" >
        qq,
      </if>
      <if test="weixin != null" >
        weixin,
      </if>
      <if test="email != null" >
        email,
      </if>
      <if test="usertype != null" >
        usertype,
      </if>
    </trim>
    <trim prefix="values (" suffix=")" suffixOverrides="," >
      <if test="id != null" >
        #{id,jdbcType=INTEGER},
      </if>
      <if test="account != null" >
        #{account,jdbcType=VARCHAR},
      </if>
      <if test="password != null" >
        #{password,jdbcType=VARCHAR},
      </if>
      <if test="birthday != null" >
        #{birthday,jdbcType=DATE},
      </if>
      <if test="phone != null" >
        #{phone,jdbcType=INTEGER},
      </if>
      <if test="qq != null" >
        #{qq,jdbcType=INTEGER},
      </if>
      <if test="weixin != null" >
        #{weixin,jdbcType=VARCHAR},
      </if>
      <if test="email != null" >
        #{email,jdbcType=VARCHAR},
      </if>
      <if test="usertype != null" >
        #{usertype,jdbcType=INTEGER},
      </if>
    </trim>
  </insert>
  <select id="countByExample" parameterType="cn.pushshow.po.UserExample" resultType="java.lang.Integer" >
    select count(*) from user
    <if test="_parameter != null" >
      <include refid="Example_Where_Clause" />
    </if>
  </select>
  <update id="updateByExampleSelective" parameterType="map" >
    update user
    <set >
      <if test="record.id != null" >
        id = #{record.id,jdbcType=INTEGER},
      </if>
      <if test="record.account != null" >
        account = #{record.account,jdbcType=VARCHAR},
      </if>
      <if test="record.password != null" >
        password = #{record.password,jdbcType=VARCHAR},
      </if>
      <if test="record.birthday != null" >
        birthday = #{record.birthday,jdbcType=DATE},
      </if>
      <if test="record.phone != null" >
        phone = #{record.phone,jdbcType=INTEGER},
      </if>
      <if test="record.qq != null" >
        qq = #{record.qq,jdbcType=INTEGER},
      </if>
      <if test="record.weixin != null" >
        weixin = #{record.weixin,jdbcType=VARCHAR},
      </if>
      <if test="record.email != null" >
        email = #{record.email,jdbcType=VARCHAR},
      </if>
      <if test="record.usertype != null" >
        usertype = #{record.usertype,jdbcType=INTEGER},
      </if>
    </set>
    <if test="_parameter != null" >
      <include refid="Update_By_Example_Where_Clause" />
    </if>
  </update>
  <update id="updateByExample" parameterType="map" >
    update user
    set id = #{record.id,jdbcType=INTEGER},
      account = #{record.account,jdbcType=VARCHAR},
      password = #{record.password,jdbcType=VARCHAR},
      birthday = #{record.birthday,jdbcType=DATE},
      phone = #{record.phone,jdbcType=INTEGER},
      qq = #{record.qq,jdbcType=INTEGER},
      weixin = #{record.weixin,jdbcType=VARCHAR},
      email = #{record.email,jdbcType=VARCHAR},
      usertype = #{record.usertype,jdbcType=INTEGER}
    <if test="_parameter != null" >
      <include refid="Update_By_Example_Where_Clause" />
    </if>
  </update>
  <update id="updateByPrimaryKeySelective" parameterType="cn.pushshow.po.User" >
    update user
    <set >
      <if test="account != null" >
        account = #{account,jdbcType=VARCHAR},
      </if>
      <if test="password != null" >
        password = #{password,jdbcType=VARCHAR},
      </if>
      <if test="birthday != null" >
        birthday = #{birthday,jdbcType=DATE},
      </if>
      <if test="phone != null" >
        phone = #{phone,jdbcType=INTEGER},
      </if>
      <if test="qq != null" >
        qq = #{qq,jdbcType=INTEGER},
      </if>
      <if test="weixin != null" >
        weixin = #{weixin,jdbcType=VARCHAR},
      </if>
      <if test="email != null" >
        email = #{email,jdbcType=VARCHAR},
      </if>
      <if test="usertype != null" >
        usertype = #{usertype,jdbcType=INTEGER},
      </if>
    </set>
    where id = #{id,jdbcType=INTEGER}
  </update>
  <update id="updateByPrimaryKey" parameterType="cn.pushshow.po.User" >
    update user
    set account = #{account,jdbcType=VARCHAR},
      password = #{password,jdbcType=VARCHAR},
      birthday = #{birthday,jdbcType=DATE},
      phone = #{phone,jdbcType=INTEGER},
      qq = #{qq,jdbcType=INTEGER},
      weixin = #{weixin,jdbcType=VARCHAR},
      email = #{email,jdbcType=VARCHAR},
      usertype = #{usertype,jdbcType=INTEGER}
    where id = #{id,jdbcType=INTEGER}
  </update>
</mapper>